{
  "model_path": "C:\\Users\\trudk\\OneDrive\\Desktop\\diploma-recruitment-mvp\\models\\lgbm_ranker.joblib",
  "features_path": "C:\\Users\\trudk\\OneDrive\\Desktop\\diploma-recruitment-mvp\\models\\ranker_features.joblib",
  "valid_metrics": {
    "ndcg@5": 0.9286385668092777,
    "precision@5": 0.9612903225806452,
    "recall@5": 0.17908897464660112,
    "ndcg@10": 0.9094557698673184,
    "precision@10": 0.9274193548387095,
    "recall@10": 0.3271435738885191,
    "ndcg@15": 0.8956825771254189,
    "precision@15": 0.8935483870967741,
    "recall@15": 0.45231524593109795,
    "ndcg@20": 0.8971970338673576,
    "precision@20": 0.8725806451612903,
    "recall@20": 0.5734023038578032,
    "map": 0.9159406924530862,
    "mrr": 0.9892473118279569,
    "num_query_groups": 62,
    "num_rows": 3100
  },
  "test_metrics": {
    "ndcg@5": 0.9108888318063144,
    "precision@5": 0.932258064516129,
    "recall@5": 0.21049144008793771,
    "ndcg@10": 0.8941216902355227,
    "precision@10": 0.8693548387096774,
    "recall@10": 0.3508720138202685,
    "ndcg@15": 0.8968551882184997,
    "precision@15": 0.8462365591397849,
    "recall@15": 0.48774732965916234,
    "ndcg@20": 0.8979144084970789,
    "precision@20": 0.8201612903225808,
    "recall@20": 0.6051223629975381,
    "map": 0.8881916442928147,
    "mrr": 0.9838709677419355,
    "num_query_groups": 62,
    "num_rows": 3100
  },
  "best_params": {
    "num_leaves": 31,
    "learning_rate": 0.005,
    "min_data_in_leaf": 20,
    "feature_fraction": 1.0,
    "bagging_fraction": 0.8,
    "bagging_freq": 3,
    "lambda_l1": 0.1,
    "lambda_l2": 1.0,
    "min_gain_to_split": 0.0,
    "max_depth": 4
  }
}