{
  "train_jobs": 8,
  "train_rows": 600,
  "train_label_distribution": {
    "0": 12,
    "1": 531,
    "2": 57
  },
  "validation_jobs": 3,
  "validation_rows": 234,
  "validation_label_distribution": {
    "0": 3,
    "1": 205,
    "2": 26
  },
  "model_metrics_mean": {
    "ndcg_at_5": 0.9473919245867476,
    "map_at_5": 1.0,
    "mrr_at_5": 1.0,
    "precision_at_5": 1.0,
    "recall_at_5": 0.06511837304520231,
    "map_label_ge_2_at_5": 0.84,
    "mrr_label_ge_2_at_5": 1.0,
    "precision_label_ge_2_at_5": 0.6,
    "recall_label_ge_2_at_5": 0.5687830687830688,
    "ndcg_at_10": 0.9475697419552614,
    "map_at_10": 1.0,
    "mrr_at_10": 1.0,
    "precision_at_10": 1.0,
    "recall_at_10": 0.13023674609040461,
    "map_label_ge_2_at_10": 0.817687074829932,
    "mrr_label_ge_2_at_10": 1.0,
    "precision_label_ge_2_at_10": 0.5,
    "recall_label_ge_2_at_10": 0.708994708994709,
    "ndcg_at_20": 0.9846647026273017,
    "map_at_20": 1.0,
    "mrr_at_20": 1.0,
    "precision_at_20": 1.0,
    "recall_at_20": 0.26047349218080923,
    "map_label_ge_2_at_20": 0.8840704856577872,
    "mrr_label_ge_2_at_20": 1.0,
    "precision_label_ge_2_at_20": 0.43333333333333335,
    "recall_label_ge_2_at_20": 1.0
  },
  "baseline_metrics_mean": {
    "ndcg_at_5": 0.7842271230431516,
    "map_at_5": 1.0,
    "mrr_at_5": 1.0,
    "precision_at_5": 1.0,
    "recall_at_5": 0.06511837304520231,
    "map_label_ge_2_at_5": 0.3666666666666667,
    "mrr_label_ge_2_at_5": 0.8333333333333334,
    "precision_label_ge_2_at_5": 0.26666666666666666,
    "recall_label_ge_2_at_5": 0.41798941798941797,
    "ndcg_at_10": 0.7998255051066304,
    "map_at_10": 1.0,
    "mrr_at_10": 1.0,
    "precision_at_10": 1.0,
    "recall_at_10": 0.13023674609040461,
    "map_label_ge_2_at_10": 0.3351851851851852,
    "mrr_label_ge_2_at_10": 0.8333333333333334,
    "precision_label_ge_2_at_10": 0.2333333333333333,
    "recall_label_ge_2_at_10": 0.4735449735449735,
    "ndcg_at_20": 0.8287133647834352,
    "map_at_20": 1.0,
    "mrr_at_20": 1.0,
    "precision_at_20": 1.0,
    "recall_at_20": 0.26047349218080923,
    "map_label_ge_2_at_20": 0.30942226497782055,
    "mrr_label_ge_2_at_20": 0.8333333333333334,
    "precision_label_ge_2_at_20": 0.16666666666666666,
    "recall_label_ge_2_at_20": 0.5873015873015873
  },
  "stage1_retrieval_metrics_mean": {
    "recall_at_5": 0.06511837304520231,
    "has_relevant_rate_at_5": 1.0,
    "recall_label_ge_2_at_5": 0.41798941798941797,
    "has_relevant_rate_label_ge_2_at_5": 1.0,
    "recall_at_10": 0.13023674609040461,
    "has_relevant_rate_at_10": 1.0,
    "recall_label_ge_2_at_10": 0.4735449735449735,
    "has_relevant_rate_label_ge_2_at_10": 1.0,
    "recall_at_20": 0.26047349218080923,
    "has_relevant_rate_at_20": 1.0,
    "recall_label_ge_2_at_20": 0.5873015873015873,
    "has_relevant_rate_label_ge_2_at_20": 1.0
  },
  "uplift_vs_baseline": {
    "ndcg_at_5_absolute": 0.16316480154359603,
    "ndcg_at_5_relative": 0.20805809535182065,
    "ndcg_at_10_absolute": 0.14774423684863103,
    "ndcg_at_10_relative": 0.18472058705971647,
    "ndcg_at_20_absolute": 0.1559513378438665,
    "ndcg_at_20_relative": 0.18818489537045263
  },
  "shap": {
    "status": "ready",
    "top_features_by_mean_abs": [
      {
        "feature": "skill_overlap_ratio",
        "mean_abs_shap": 1.9179799556732178,
        "mean_shap": -1.4879682064056396
      },
      {
        "feature": "title_overlap_ratio",
        "mean_abs_shap": 0.5995907187461853,
        "mean_shap": 0.12446533143520355
      },
      {
        "feature": "retrieval_rank",
        "mean_abs_shap": 0.3900632858276367,
        "mean_shap": -0.19005292654037476
      },
      {
        "feature": "years_gap",
        "mean_abs_shap": 0.2270866483449936,
        "mean_shap": -0.11663763225078583
      },
      {
        "feature": "skill_overlap_count",
        "mean_abs_shap": 0.17088398337364197,
        "mean_shap": -0.046685487031936646
      },
      {
        "feature": "embedding_cosine",
        "mean_abs_shap": 0.13219724595546722,
        "mean_shap": -0.1024642065167427
      },
      {
        "feature": "experience_match_flag",
        "mean_abs_shap": 0.057796742767095566,
        "mean_shap": -0.012827698141336441
      },
      {
        "feature": "resume_years_experience",
        "mean_abs_shap": 0.037093278020620346,
        "mean_shap": -0.013135270215570927
      },
      {
        "feature": "job_years_required",
        "mean_abs_shap": 0.03286280110478401,
        "mean_shap": -0.0030738424975425005
      },
      {
        "feature": "embedding_cosine_norm",
        "mean_abs_shap": 0.02487812377512455,
        "mean_shap": -0.01934836059808731
      }
    ]
  },
  "train_label_rates": {
    "0": 0.02,
    "1": 0.885,
    "2": 0.095
  }
}